filename,id,doc_type,title,date,pages,size_mb,has_text_layer,sha256,url,retrieved
fed_annual_report_2022.pdf,fed_annual_report_2022,annual_report,Federal Reserve Board Annual Report 2022,2022,224,2.13,True,8db6ce9cf9f6939f15b634f8f3fca2e4ec442fa5c45cec130cfcb0b50cc0766b,https://www.federalreserve.gov/publications/files/2022-annual-report.pdf,2026-09-23
fed_annual_report_2023.pdf,fed_annual_report_2023,annual_report,Federal Reserve Board Annual Report 2023,2023,222,2.15,True,aacf44d05ebbc21f5e78d029864dc69871f88364b61a2ae405ad4ca43143f666,https://www.federalreserve.gov/publications/files/2023-annual-report.pdf,2026-09-23
fed_annual_report_2024.pdf,fed_annual_report_2024,annual_report,Federal Reserve Board Annual Report 2024,2024,214,2.07,True,fc5e7145447ad369398a7a8670967b5b29d26be589e74d13f5f6c573021857e9,https://www.federalreserve.gov/publications/files/2024-annual-report.pdf,2026-09-23
fed_beige_book_2025-01-15.pdf,fed_beige_book_2025-01-15,economic_conditions_report,"Beige Book: Summary of Commentary on Current Economic Conditions, January 2025",2025-01-15,54,0.99,True,9c60425a073b1a9acaffcb1a6db2716982a13dd328eab0c172d16cba3d25d44b,https://www.federalreserve.gov/monetarypolicy/files/BeigeBook_20250115.pdf,2026-09-23
fed_beige_book_2025-03-05.pdf,fed_beige_book_2025-03-05,economic_conditions_report,"Beige Book: Summary of Commentary on Current Economic Conditions, March 2025",2025-03-05,54,1.07,True,c990a994b08b85a10b2de98af049d81df1edbeb36d8aa4cad23f27e65f6cc473,https://www.federalreserve.gov/monetarypolicy/files/BeigeBook_20250305.pdf,2026-09-23
fed_beige_book_2025-04-23.pdf,fed_beige_book_2025-04-23,economic_conditions_report,"Beige Book: Summary of Commentary on Current Economic Conditions, April 2025",2025-04-23,56,1.07,True,000a1aa4f996fc20a5c36259da3b624ad02f90b12be92dc3eb041f877c932d8b,https://www.federalreserve.gov/monetarypolicy/files/BeigeBook_20250423.pdf,2026-09-23
fed_beige_book_2025-06-04.pdf,fed_beige_book_2025-06-04,economic_conditions_report,"Beige Book: Summary of Commentary on Current Economic Conditions, June 2025",2025-06-04,54,1.06,True,a437dd70b654c0c267d6dad811d00db9f379f822a70eb2a630b2db96061bc9a0,https://www.federalreserve.gov/monetarypolicy/files/BeigeBook_20250604.pdf,2026-09-23
fed_beige_book_2025-07-16.pdf,fed_beige_book_2025-07-16,economic_conditions_report,"Beige Book: Summary of Commentary on Current Economic Conditions, July 2025",2025-07-16,56,1.02,True,ab91d07aa075006200752e017e220d00f36d60e95db7414c96bd2b5d9a210913,https://www.federalreserve.gov/monetarypolicy/files/BeigeBook_20250716.pdf,2026-09-23
fed_beige_book_2025-09-03.pdf,fed_beige_book_2025-09-03,economic_conditions_report,"Beige Book: Summary of Commentary on Current Economic Conditions, September 2025",2025-09-03,56,1.03,True,421693be06821d81fbe9d73b12d81f09ed01ec3bd2208294faf39f17656bb3a3,https://www.federalreserve.gov/monetarypolicy/files/BeigeBook_20250903.pdf,2026-09-23
fed_beige_book_2025-10-15.pdf,fed_beige_book_2025-10-15,economic_conditions_report,"Beige Book: Summary of Commentary on Current Economic Conditions, October 2025",2025-10-15,56,1.04,True,ac3a033153d194738cfd36a481452022aa92e037fdbaaf4d31d8a9bdf10f3e39,https://www.federalreserve.gov/monetarypolicy/files/BeigeBook_20251015.pdf,2026-09-23
fed_beige_book_2025-11-26.pdf,fed_beige_book_2025-11-26,economic_conditions_report,"Beige Book: Summary of Commentary on Current Economic Conditions, November 2025",2025-11-26,54,1.03,True,d050f9395142ca7cd786d259e124ce3233fde49564b2db9facda2fd69a0acb8e,https://www.federalreserve.gov/monetarypolicy/files/BeigeBook_20251126.pdf,2026-09-23
fed_beige_book_2026-01-14.pdf,fed_beige_book_2026-01-14,economic_conditions_report,"Beige Book: Summary of Commentary on Current Economic Conditions, January 2026",2026-01-14,54,1.04,True,460abd416afe2769bdd819038e2bafe445faa0d057866406caa0f013c1984d38,https://www.federalreserve.gov/monetarypolicy/files/BeigeBook_20260114.pdf,2026-09-23
fed_beige_book_2026-03-04.pdf,fed_beige_book_2026-03-04,economic_conditions_report,"Beige Book: Summary of Commentary on Current Economic Conditions, March 2026",2026-03-04,56,1.05,True,dc25bb5899198fbb4723a58bce4ff905a6daea66b0e5790752c541cedf61e44a,https://www.federalreserve.gov/monetarypolicy/files/BeigeBook_20260304.pdf,2026-09-23
fed_beige_book_2026-04-15.pdf,fed_beige_book_2026-04-15,economic_conditions_report,"Beige Book: Summary of Commentary on Current Economic Conditions, April 2026",2026-04-15,56,1.05,True,29901e8f8864f0868ec371fe6bdb75de61f8c79c17aed318580ae99d4ed26229,https://www.federalreserve.gov/monetarypolicy/files/BeigeBook_20260415.pdf,2026-09-23
fed_beige_book_2026-06-03.pdf,fed_beige_book_2026-06-03,economic_conditions_report,"Beige Book: Summary of Commentary on Current Economic Conditions, June 2026",2026-06-03,54,1.04,True,a1ca8f969cce111ced4666a8c9e23dc26c3de892ff96934fc6977859366f9a9c,https://www.federalreserve.gov/monetarypolicy/files/BeigeBook_20260603.pdf,2026-09-23
fed_beige_book_2026-07-15.pdf,fed_beige_book_2026-07-15,economic_conditions_report,"Beige Book: Summary of Commentary on Current Economic Conditions, July 2026",2026-07-15,58,1.05,True,7ee24800b1c90928af136a360ecd02099a9c3bb3815bff7b218c8a7a24a67205,https://www.federalreserve.gov/monetarypolicy/files/BeigeBook_20260715.pdf,2026-09-23
fed_beige_book_2026-09-02.pdf,fed_beige_book_2026-09-02,economic_conditions_report,"Beige Book: Summary of Commentary on Current Economic Conditions, September 2026",2026-09-02,56,1.05,True,a0b21382270d38cdb051eb77e60a5c8bc7545d9b207dcd20af8c7b2d45656b6b,https://www.federalreserve.gov/monetarypolicy/files/BeigeBook_20260902.pdf,2026-09-23
fed_financial_stability_report_2023-05-08.pdf,fed_financial_stability_report_2023-05-08,financial_stability_report,"Financial Stability Report, May 2023",2023-05-08,85,2.73,True,bbb2db7c1ec620ebdbfeaea604a93451d95af2ff27fde29c72d6ea39b5d23c82,https://www.federalreserve.gov/publications/files/financial-stability-report-20230508.pdf,2026-09-23
fed_financial_stability_report_2023-10-20.pdf,fed_financial_stability_report_2023-10-20,financial_stability_report,"Financial Stability Report, October 2023",2023-10-20,70,2.82,True,19e7ffa80522b4dd5161cfdd1235d333e87b5331e3657b15d9eaa0f12672df17,https://www.federalreserve.gov/publications/files/financial-stability-report-20231020.pdf,2026-09-23
fed_financial_stability_report_2024-04-19.pdf,fed_financial_stability_report_2024-04-19,financial_stability_report,"Financial Stability Report, April 2024",2024-04-19,69,3.54,True,b3e96ba451939e901b7f6473f48697037cf5f6291fd94a48c0bf62f849c16d6c,https://www.federalreserve.gov/publications/files/financial-stability-report-20240419.pdf,2026-09-23
fed_financial_stability_report_2024-11-22.pdf,fed_financial_stability_report_2024-11-22,financial_stability_report,"Financial Stability Report, November 2024",2024-11-22,69,4.77,True,1cbe90304b0ab35a9fedee57146d734b3cb88304959f31b4ec9e3c5e69c3003c,https://www.federalreserve.gov/publications/files/financial-stability-report-20241122.pdf,2026-09-23
fed_financial_stability_report_2025-04-25.pdf,fed_financial_stability_report_2025-04-25,financial_stability_report,"Financial Stability Report, April 2025",2025-04-25,71,4.81,True,81080ea1ebc4d6a1f3027c94f05eb40daec56c4006da6f1e7e85f9044111fb0b,https://www.federalreserve.gov/publications/files/financial-stability-report-20250425.pdf,2026-09-23
fed_financial_stability_report_2025-11-07.pdf,fed_financial_stability_report_2025-11-07,financial_stability_report,"Financial Stability Report, November 2025",2025-11-07,75,4.88,True,31f74bcbd3ed5423a39dc11f49219a94fe129f0ab652cfba4d854ad27bac175e,https://www.federalreserve.gov/publications/files/financial-stability-report-20251107.pdf,2026-09-23
fed_financial_stability_report_2026-05-08.pdf,fed_financial_stability_report_2026-05-08,financial_stability_report,"Financial Stability Report, May 2026",2026-05-08,71,4.82,True,1aabf0182706b17f9ff46b14853fa06d863fe1327e1402aa66e73294572a53da,https://www.federalreserve.gov/publications/files/financial-stability-report-20260508.pdf,2026-09-23
fed_fomc_minutes_2023-02-01.pdf,fed_fomc_minutes_2023-02-01,meeting_minutes,"Minutes of the Federal Open Market Committee, 2023-02-01 meeting",2023-02-01,13,0.39,True,007c4809ddf0a32286b5d8157f6660cdcb0c03fb487b99ccbaa4f7fdc0b11eb0,https://www.federalreserve.gov/monetarypolicy/files/fomcminutes20230201.pdf,2026-09-23
fed_fomc_minutes_2023-03-22.pdf,fed_fomc_minutes_2023-03-22,meeting_minutes,"Minutes of the Federal Open Market Committee, 2023-03-22 meeting",2023-03-22,11,0.39,True,7f93e922542e682cd55373b084d7413fea75a9f9dd3ded72dcd305b71b28706a,https://www.federalreserve.gov/monetarypolicy/files/fomcminutes20230322.pdf,2026-09-23
fed_fomc_minutes_2023-05-03.pdf,fed_fomc_minutes_2023-05-03,meeting_minutes,"Minutes of the Federal Open Market Committee, 2023-05-03 meeting",2023-05-03,12,0.39,True,1fb7cd49c318a22c39ceb89c750462490f6e4388503009fe92e738013a418da7,https://www.federalreserve.gov/monetarypolicy/files/fomcminutes20230503.pdf,2026-09-23
fed_fomc_minutes_2023-06-14.pdf,fed_fomc_minutes_2023-06-14,meeting_minutes,"Minutes of the Federal Open Market Committee, 2023-06-14 meeting",2023-06-14,11,0.36,True,b81a9c8cee4faf811677e66c08f69eabaf95eb8ded0a382930a316e3eedb1ab9,https://www.federalreserve.gov/monetarypolicy/files/fomcminutes20230614.pdf,2026-09-23
fed_fomc_minutes_2023-07-26.pdf,fed_fomc_minutes_2023-07-26,meeting_minutes,"Minutes of the Federal Open Market Committee, 2023-07-26 meeting",2023-07-26,10,0.39,True,78ea3b1583f65ea2d5990d7165ffa12aefb05282f8cdc148ff80fd0f12f77086,https://www.federalreserve.gov/monetarypolicy/files/fomcminutes20230726.pdf,2026-09-23
fed_fomc_minutes_2023-09-20.pdf,fed_fomc_minutes_2023-09-20,meeting_minutes,"Minutes of the Federal Open Market Committee, 2023-09-20 meeting",2023-09-20,10,0.28,True,28c9caa36d8f91ebb5fc4e363750f65a46388284b5f896208e8b3b5dbd3c3972,https://www.federalreserve.gov/monetarypolicy/files/fomcminutes20230920.pdf,2026-09-23
fed_fomc_minutes_2023-11-01.pdf,fed_fomc_minutes_2023-11-01,meeting_minutes,"Minutes of the Federal Open Market Committee, 2023-11-01 meeting",2023-11-01,10,0.33,True,fcf5f66ad55fd7470dd8af44961370538d52ed2b6ecbf8cf0d3cf313f9ad658e,https://www.federalreserve.gov/monetarypolicy/files/fomcminutes20231101.pdf,2026-09-23
fed_fomc_minutes_2023-12-13.pdf,fed_fomc_minutes_2023-12-13,meeting_minutes,"Minutes of the Federal Open Market Committee, 2023-12-13 meeting",2023-12-13,10,0.38,True,9ac7fe89eb9037b8810b9a18aae23059a57fd168c1f0666cc3008e961e732941,https://www.federalreserve.gov/monetarypolicy/files/fomcminutes20231213.pdf,2026-09-23
fed_fomc_minutes_2024-01-31.pdf,fed_fomc_minutes_2024-01-31,meeting_minutes,"Minutes of the Federal Open Market Committee, 2024-01-31 meeting",2024-01-31,11,0.35,True,6ce451a5bcf43bf90ac2172f6872cd245e04689c80d4b01e28a01519bb3f0dcc,https://www.federalreserve.gov/monetarypolicy/files/fomcminutes20240131.pdf,2026-09-23
fed_fomc_minutes_2024-03-20.pdf,fed_fomc_minutes_2024-03-20,meeting_minutes,"Minutes of the Federal Open Market Committee, 2024-03-20 meeting",2024-03-20,11,0.28,True,ed63335cfba7d7a09bc2613f10ad0afbec0a269d5c52c628e5ecd55d1b5ac4f1,https://www.federalreserve.gov/monetarypolicy/files/fomcminutes20240320.pdf,2026-09-23
fed_fomc_minutes_2024-05-01.pdf,fed_fomc_minutes_2024-05-01,meeting_minutes,"Minutes of the Federal Open Market Committee, 2024-05-01 meeting",2024-05-01,11,0.37,True,a896e7bdbce700d1ba7380aeda61568ed8fd143b6d967ae6bcd3aedcfb9caf69,https://www.federalreserve.gov/monetarypolicy/files/fomcminutes20240501.pdf,2026-09-23
fed_fomc_minutes_2024-06-12.pdf,fed_fomc_minutes_2024-06-12,meeting_minutes,"Minutes of the Federal Open Market Committee, 2024-06-12 meeting",2024-06-12,10,0.29,True,992e0ae12b162983298016ca1890477f41d5381bcd23e3f8f2fcd930c84efbbf,https://www.federalreserve.gov/monetarypolicy/files/fomcminutes20240612.pdf,2026-09-23
fed_fomc_minutes_2024-07-31.pdf,fed_fomc_minutes_2024-07-31,meeting_minutes,"Minutes of the Federal Open Market Committee, 2024-07-31 meeting",2024-07-31,16,0.14,True,0e9f28328ab6bf08b75527b3a68712c03981f93a64d945aae40e75c18874a04c,https://www.federalreserve.gov/monetarypolicy/files/fomcminutes20240731.pdf,2026-09-23
fed_fomc_minutes_2024-09-18.pdf,fed_fomc_minutes_2024-09-18,meeting_minutes,"Minutes of the Federal Open Market Committee, 2024-09-18 meeting",2024-09-18,16,0.17,True,90db5ba4c2b9127f879da694048981b26c21583e35c6f8747baf8e070768903b,https://www.federalreserve.gov/monetarypolicy/files/fomcminutes20240918.pdf,2026-09-23
fed_fomc_minutes_2024-11-07.pdf,fed_fomc_minutes_2024-11-07,meeting_minutes,"Minutes of the Federal Open Market Committee, 2024-11-07 meeting",2024-11-07,17,0.14,True,0e2d181fb3d879b72c28326e00b3a8feb5be81411b06cb8533ee57eef4673e3f,https://www.federalreserve.gov/monetarypolicy/files/fomcminutes20241107.pdf,2026-09-23
fed_fomc_minutes_2024-12-18.pdf,fed_fomc_minutes_2024-12-18,meeting_minutes,"Minutes of the Federal Open Market Committee, 2024-12-18 meeting",2024-12-18,17,0.41,True,8f54176d6db3681f0005f9b585564a7ad70b946c2950994606cbb5bc6e13d805,https://www.federalreserve.gov/monetarypolicy/files/fomcminutes20241218.pdf,2026-09-23
fed_fomc_minutes_2025-01-29.pdf,fed_fomc_minutes_2025-01-29,meeting_minutes,"Minutes of the Federal Open Market Committee, 2025-01-29 meeting",2025-01-29,21,1.22,True,84d9098f36e09d772badc5a0f63bb577f8d3242d334fd3c1e0d94a0ddf137f14,https://www.federalreserve.gov/monetarypolicy/files/fomcminutes20250129.pdf,2026-09-23
fed_fomc_minutes_2025-03-19.pdf,fed_fomc_minutes_2025-03-19,meeting_minutes,"Minutes of the Federal Open Market Committee, 2025-03-19 meeting",2025-03-19,18,0.42,True,0edc5ca830a3d3a47f0e9367f20431422507b77ffdc4f1d3d6aa3be9b76ea1f1,https://www.federalreserve.gov/monetarypolicy/files/fomcminutes20250319.pdf,2026-09-23
fed_fomc_minutes_2025-05-07.pdf,fed_fomc_minutes_2025-05-07,meeting_minutes,"Minutes of the Federal Open Market Committee, 2025-05-07 meeting",2025-05-07,19,0.43,True,eb65a4be5ad8738f2146912f055f303d02f0487804708279437a080542f2da3a,https://www.federalreserve.gov/monetarypolicy/files/fomcminutes20250507.pdf,2026-09-23
fed_fomc_minutes_2025-06-18.pdf,fed_fomc_minutes_2025-06-18,meeting_minutes,"Minutes of the Federal Open Market Committee, 2025-06-18 meeting",2025-06-18,18,0.47,True,074934b7b63d043b87fbcd547ea52a269d91722b21291c00853ff63b06d979fa,https://www.federalreserve.gov/monetarypolicy/files/fomcminutes20250618.pdf,2026-09-23
fed_fomc_minutes_2025-07-30.pdf,fed_fomc_minutes_2025-07-30,meeting_minutes,"Minutes of the Federal Open Market Committee, 2025-07-30 meeting",2025-07-30,18,0.43,True,e18163a633e04365f1c8650919b7098f7d651e50c9d417d857b6d372523584a8,https://www.federalreserve.gov/monetarypolicy/files/fomcminutes20250730.pdf,2026-09-23
fed_fomc_minutes_2025-09-17.pdf,fed_fomc_minutes_2025-09-17,meeting_minutes,"Minutes of the Federal Open Market Committee, 2025-09-17 meeting",2025-09-17,16,0.44,True,e6d5d44bca3bb4d6eff8d4eb61104e1b811f0ecdb52a0df0ab71df953155f813,https://www.federalreserve.gov/monetarypolicy/files/fomcminutes20250917.pdf,2026-09-23
fed_fomc_minutes_2025-10-29.pdf,fed_fomc_minutes_2025-10-29,meeting_minutes,"Minutes of the Federal Open Market Committee, 2025-10-29 meeting",2025-10-29,21,0.44,True,4696f78d23c1d288b9561a495444455207b581cc220e02a95cda059aea2613f8,https://www.federalreserve.gov/monetarypolicy/files/fomcminutes20251029.pdf,2026-09-23
fed_fomc_minutes_2025-12-10.pdf,fed_fomc_minutes_2025-12-10,meeting_minutes,"Minutes of the Federal Open Market Committee, 2025-12-10 meeting",2025-12-10,19,0.38,True,80bf91467e6e9a582f953419667a54e89bbdd9e7b2ac3212d41cb834f0c6420c,https://www.federalreserve.gov/monetarypolicy/files/fomcminutes20251210.pdf,2026-09-23
fed_fomc_minutes_2026-01-28.pdf,fed_fomc_minutes_2026-01-28,meeting_minutes,"Minutes of the Federal Open Market Committee, 2026-01-28 meeting",2026-01-28,18,0.45,True,7565db1bbe4d562b808d50a4150d2b42d00ac87a3acb1d6d2a9eed5e4974e743,https://www.federalreserve.gov/monetarypolicy/files/fomcminutes20260128.pdf,2026-09-23
fed_fomc_minutes_2026-03-18.pdf,fed_fomc_minutes_2026-03-18,meeting_minutes,"Minutes of the Federal Open Market Committee, 2026-03-18 meeting",2026-03-18,16,0.44,True,f8ec691071910a6f167ef95b8e2577f9f9a4ea465fc82184b435e62308b40f8f,https://www.federalreserve.gov/monetarypolicy/files/fomcminutes20260318.pdf,2026-09-23
fed_fomc_minutes_2026-04-29.pdf,fed_fomc_minutes_2026-04-29,meeting_minutes,"Minutes of the Federal Open Market Committee, 2026-04-29 meeting",2026-04-29,18,0.4,True,a9ffc52a2b38a4359ac266f20310faa0bc457921e92449056772f71869e1542b,https://www.federalreserve.gov/monetarypolicy/files/fomcminutes20260429.pdf,2026-09-23
fed_fomc_minutes_2026-06-17.pdf,fed_fomc_minutes_2026-06-17,meeting_minutes,"Minutes of the Federal Open Market Committee, 2026-06-17 meeting",2026-06-17,15,0.41,True,e824cd0233a8dc220ffb38345a7fd4d5e8ae0639505a8e5b5591e4b5d8b513f6,https://www.federalreserve.gov/monetarypolicy/files/fomcminutes20260617.pdf,2026-09-23
fed_fomc_minutes_2026-07-29.pdf,fed_fomc_minutes_2026-07-29,meeting_minutes,"Minutes of the Federal Open Market Committee, 2026-07-29 meeting",2026-07-29,16,0.41,True,8aef641fa76e8081d23ccd7b4e4423172b66ee4208d7d683c294f8bd29b4b883,https://www.federalreserve.gov/monetarypolicy/files/fomcminutes20260729.pdf,2026-09-23
fed_monetary_policy_report_2023-03-03.pdf,fed_monetary_policy_report_2023-03-03,monetary_policy_report,"Monetary Policy Report, March 2023",2023-03-03,71,5.06,True,acdc905699454cae84ea609c89ba6a65283d967e247a42bdfd6c803a5b92b81a,https://www.federalreserve.gov/monetarypolicy/files/20230303_mprfullreport.pdf,2026-09-23
fed_monetary_policy_report_2023-06-16.pdf,fed_monetary_policy_report_2023-06-16,monetary_policy_report,"Monetary Policy Report, June 2023",2023-06-16,73,5.16,True,802da7277bbf874e0a5531999d9b1f8a7046211e63ab0a486beb92f59e674d81,https://www.federalreserve.gov/monetarypolicy/files/20230616_mprfullreport.pdf,2026-09-23
fed_monetary_policy_report_2024-03-01.pdf,fed_monetary_policy_report_2024-03-01,monetary_policy_report,"Monetary Policy Report, March 2024",2024-03-01,71,4.96,True,ed7f51545db1e56206ffbebfc42f3be4113d6c3c0a08bd53a9d1bee3a8a7678e,https://www.federalreserve.gov/publications/files/20240301_mprfullreport.pdf,2026-09-23
fed_monetary_policy_report_2024-07-05.pdf,fed_monetary_policy_report_2024-07-05,monetary_policy_report,"Monetary Policy Report, July 2024",2024-07-05,79,1.71,True,6cfad88dd4ee058a01db2012bf009c18da45e5306301edf3ff5d3b486644d09d,https://www.federalreserve.gov/monetarypolicy/files/20240705_mprfullreport.pdf,2026-09-23
fed_monetary_policy_report_2025-02-07.pdf,fed_monetary_policy_report_2025-02-07,monetary_policy_report,"Monetary Policy Report, February 2025",2025-02-07,83,9.54,True,728293cfbfeb672979115ab969cf6ec85cd62977f643eaee397334c6a9534ebd,https://www.federalreserve.gov/publications/files/20250207_mprfullreport.pdf,2026-09-23
fed_monetary_policy_report_2025-06-20.pdf,fed_monetary_policy_report_2025-06-20,monetary_policy_report,"Monetary Policy Report, June 2025",2025-06-20,81,2.12,True,6f8538cb4ce2902ac35cc9ec8311feda6c5c94953b76db50de94192741bb07f4,https://www.federalreserve.gov/monetarypolicy/files/20250620_mprfullreport.pdf,2026-09-23
fed_monetary_policy_report_2026-07-10.pdf,fed_monetary_policy_report_2026-07-10,monetary_policy_report,"Monetary Policy Report, July 2026",2026-07-10,77,2.19,True,d8109da697abd4c58a5f1fb074d4b5cbcd197df1baf9e1f6e7620e5812e14a37,https://www.federalreserve.gov/monetarypolicy/files/20260710_mprfullreport.pdf,2026-09-23
fed_stress_test_results_2023.pdf,fed_stress_test_results_2023,stress_test,2023 Federal Reserve Stress Test Results,2023-06-28,60,2.04,True,4b2cf22214bc1cff5a200efd2a3ca6186aa0b906d26d15b6a0ec0037537ecce9,https://www.federalreserve.gov/publications/files/2023-dfast-results-20230628.pdf,2026-09-23
fed_stress_test_results_2024.pdf,fed_stress_test_results_2024,stress_test,2024 Federal Reserve Stress Test Results,2024-06-26,70,2.09,True,e1cadb37fc33a7937aa87b9c610381dd296f68f8aa8734793ba6a5ece4bfbe02,https://www.federalreserve.gov/publications/files/2024-dfast-results-20240626.pdf,2026-09-23
fed_stress_test_results_2025.pdf,fed_stress_test_results_2025,stress_test,2025 Federal Reserve Stress Test Results,2025-06-27,64,1.98,True,4808e14a2809875080589e7c896e96ea5979e0bbc29cb090c94e5df425308bea,https://www.federalreserve.gov/publications/files/2025-dfast-results-20250627.pdf,2026-09-23
fed_large_bank_capital_requirements_2025.pdf,fed_large_bank_capital_requirements_2025,stress_test,"Large Bank Capital Requirements, August 2025",2025-08-29,5,1.06,True,d4fa619b0a56edfa4f99107142bb9b7066d62124fa933a475224640cfa2f4ac7,https://www.federalreserve.gov/publications/files/large-bank-capital-requirements-20250829.pdf,2026-09-23
fed_stress_test_methodology_2026.pdf,fed_stress_test_methodology_2026,stress_test,2026 Supervisory Stress Test Methodology,2026-02,3,1.01,True,fc0330bdc98b0847c73985445546135e0c5ef09d15c94b64c446cfa371416537,https://www.federalreserve.gov/publications/files/2026-february-supervisory-stress-test-methodology.pdf,2026-09-23
fed_stress_test_scenarios_2026.pdf,fed_stress_test_scenarios_2026,stress_test,2026 Supervisory Stress Test Scenarios,2026-02-04,42,1.78,True,2b25a6244909d22dfb73824d153f24763e1fd851d3adaeffb46039d6463b39c8,https://www.federalreserve.gov/publications/files/2026-final-supervisory-stress-test-scenarios-20260204.pdf,2026-09-23
fed_stress_test_results_2026.pdf,fed_stress_test_results_2026,stress_test,2026 Federal Reserve Stress Test Results,2026-06-24,68,2.0,True,aeecec4fa0f8872601d5d8f02f515520fdc302b61f934e24131147dfd7d6fbef,https://www.federalreserve.gov/publications/files/2026-dfast-results-20260624.pdf,2026-09-23
fed_supervision_regulation_report_2023-05.pdf,fed_supervision_regulation_report_2023-05,supervisory_report,"Supervision and Regulation Report, May 2023",2023-05,40,1.83,True,a4f65f0a4a92cf4a4e2a449220af9128413b0989fd1e810a7efb7b17167636a7,https://www.federalreserve.gov/publications/files/202305-supervision-and-regulation-report.pdf,2026-09-23
fed_supervision_regulation_report_2023-11.pdf,fed_supervision_regulation_report_2023-11,supervisory_report,"Supervision and Regulation Report, November 2023",2023-11,42,1.86,True,7f0038ab3dc1d052737e5d5e17dbf3d5eded5f7bc3bc485041678b67ad30ab38,https://www.federalreserve.gov/publications/files/202311-supervision-and-regulation-report.pdf,2026-09-23
fed_supervision_regulation_report_2024-05.pdf,fed_supervision_regulation_report_2024-05,supervisory_report,"Supervision and Regulation Report, May 2024",2024-05,40,1.84,True,3a8d73aceb6daf699e949ab350e3dad21daa1c8d12dfb8274a4209572913abb3,https://www.federalreserve.gov/publications/files/202405-supervision-and-regulation-report.pdf,2026-09-23
fed_supervision_regulation_report_2024-11.pdf,fed_supervision_regulation_report_2024-11,supervisory_report,"Supervision and Regulation Report, November 2024",2024-11,38,1.88,True,67af63235b8a357aa5366729a1cb72970fd08272cf5487568144db6d6951f47b,https://www.federalreserve.gov/publications/files/202411-supervision-and-regulation-report.pdf,2026-09-23
fed_supervision_regulation_report_2025-12.pdf,fed_supervision_regulation_report_2025-12,supervisory_report,"Supervision and Regulation Report, December 2025",2025-12,38,1.87,True,69c5344d39a8d4076c9d6b01bdb8183b0733bb4bbe76f235158dbeec81b38f4f,https://www.federalreserve.gov/publications/files/202512-supervision-and-regulation-report.pdf,2026-09-23
fed_supervision_regulation_report_2026-06.pdf,fed_supervision_regulation_report_2026-06,supervisory_report,"Supervision and Regulation Report, June 2026",2026-06,40,1.89,True,d87db0ceecadf01644b1d2d7b72c0be975861a9fdab11b9499645c13b1912fa7,https://www.federalreserve.gov/publications/files/202606-supervision-and-regulation-report.pdf,2026-09-23
fed_feds_wp_2026-024.pdf,fed_feds_wp_2026-024,working_paper,Financial Well-being and Inclusion of Justice Involved Populations: Evidence from the SHED (FEDS 2026-024),2026-05,23,0.43,True,217b139ea22b9164fcfa2e5336b7e5b21b20a10bafc44fa377d91fca8c15f100,https://www.federalreserve.gov/econres/feds/files/2026024pap.pdf,2026-09-23
fed_feds_wp_2026-026.pdf,fed_feds_wp_2026-026,working_paper,Anchored to the Dot Plot: Central Bank Projections and Interest Rate Expectations (FEDS 2026-026),2026-05,59,0.6,True,0524b5c82e1d247a7fdec426148675d73f2a328884312f1b56a6107e8b5039e6,https://www.federalreserve.gov/econres/feds/files/2026026pap.pdf,2026-09-23
fed_feds_wp_2026-027.pdf,fed_feds_wp_2026-027,working_paper,Does Banking Consolidation Harm Households? (FEDS 2026-027),2026-05,62,2.94,True,fb6993a5932930b6745ef23e412b14351d3443e5bdd3251084d33aee0ca11388,https://www.federalreserve.gov/econres/feds/files/2026027pap.pdf,2026-09-23
fed_feds_wp_2026-028.pdf,fed_feds_wp_2026-028,working_paper,A Tale of Demand and Supply for Central Bank Reserves (FEDS 2026-028),2026-05,42,1.53,True,c28e8accf5f5a9317c0546a44237e25e4ac448faff2001573a50f48f9b1a5aed,https://www.federalreserve.gov/econres/feds/files/2026028pap.pdf,2026-09-23
fed_feds_wp_2026-030.pdf,fed_feds_wp_2026-030,working_paper,Bank Regulation and the Rise of Nonbank Intermediation (FEDS 2026-030),2026-05,41,1.96,True,25c7fc943fc4e93438a527b379af7805f00ef27189eb4197ec9073c8559d8c66,https://www.federalreserve.gov/econres/feds/files/2026030pap.pdf,2026-09-23
fed_feds_wp_2026-031.pdf,fed_feds_wp_2026-031,working_paper,The Causal Effect of Debt on Interest Rates (FEDS 2026-031),2026-05,23,0.49,True,b356d06f30d0ae4342719ea5db04f76b45eca978f932fc4bb653310f719ae7b3,https://www.federalreserve.gov/econres/feds/files/2026031pap.pdf,2026-09-23
fed_feds_wp_2026-034.pdf,fed_feds_wp_2026-034,working_paper,"Financial Liberalizations, Booms, and Crashes (FEDS 2026-034)",2026-06,88,0.84,True,64ae7fe8b8373574d1256777dceb23e6dbab55dfb50fd22c85c8aa28245ec19a,https://www.federalreserve.gov/econres/feds/files/2026034pap.pdf,2026-09-23
fed_feds_wp_2026-036.pdf,fed_feds_wp_2026-036,working_paper,"Double Inertia, Taylor Rules, and Monetary Policy Gradualism (FEDS 2026-036)",2026-06,23,0.42,True,f5e6484c0703d3ab4416666b0c395cdcd1213f3a023632d4e7609ff02bb39113,https://www.federalreserve.gov/econres/feds/files/2026036pap.pdf,2026-09-23
fed_feds_wp_2026-038.pdf,fed_feds_wp_2026-038,working_paper,The Role of Inflation Perceptions in Consumer Inflation Expectations: Evidence from the Euro Area (FEDS 2026-038),2026-06,56,0.88,True,8fa1af1c4bd248b4114d5ec68e053dc764eba6519480842def2a4eb9fee3056a,https://www.federalreserve.gov/econres/feds/files/2026038pap.pdf,2026-09-23
fed_feds_wp_2026-041.pdf,fed_feds_wp_2026-041,working_paper,Beyond Reserves: The Federal Reserve's Balance Sheet and the Repo Market (FEDS 2026-041),2026-06,87,2.55,True,8c7aa69d7e1230ffcd4987d0bc8cb33eef5a72387ea6398f0c6c7764c2d933f4,https://www.federalreserve.gov/econres/feds/files/2026041pap.pdf,2026-09-23
fed_feds_wp_2026-042.pdf,fed_feds_wp_2026-042,working_paper,A Static Capital Buffer is Hard To Beat (FEDS 2026-042),2026-06,92,0.88,True,a38c0e8442213891c592fccff5f93e367e697432bae4a65e05f3108bced2f657,https://www.federalreserve.gov/econres/feds/files/2026042pap.pdf,2026-09-23
fed_feds_wp_2026-047.pdf,fed_feds_wp_2026-047,working_paper,"Cyclical Fluctuations, Financial Frictions, and Productivity Differences across Firms (FEDS 2026-047)",2026-06,117,1.3,True,92a8bec80d34d54c5ed6328e27e24dd393b222cbc90e7ecbc9456485b454d95b,https://www.federalreserve.gov/econres/feds/files/2026047pap.pdf,2026-09-23
fed_feds_wp_2026-048.pdf,fed_feds_wp_2026-048,working_paper,The Standards Are in the Mail: Comparing Credit Card Supply Indicators (FEDS 2026-048),2026-07,18,0.54,True,b3a9bd1e2a699c5eb6ad21526a73782870ac5bc349d83db7914e6db113a8a24c,https://www.federalreserve.gov/econres/feds/files/2026048pap.pdf,2026-09-23
fed_feds_wp_2026-051.pdf,fed_feds_wp_2026-051,working_paper,The Last Taxi: LCR Buffers and Bank Liquidity Provision (FEDS 2026-051),2026-07,28,0.62,True,399b23d88940c80c25bb9431898b91552ad288ae8b976f62df7ad996884742c6,https://www.federalreserve.gov/econres/feds/files/2026051pap.pdf,2026-09-23
fed_feds_wp_2026-052.pdf,fed_feds_wp_2026-052,working_paper,Credit Surfaces and Economic Uncertainty (FEDS 2026-052),2026-07,82,2.45,True,7c49a9180c31f6c676295518f6ac6a33eb80193167c654c41c6be7b06070f354,https://www.federalreserve.gov/econres/feds/files/2026052pap.pdf,2026-09-23
fed_feds_wp_2026-053.pdf,fed_feds_wp_2026-053,working_paper,How Firms Form Beliefs and the Implications for Inflation (FEDS 2026-053),2026-07,83,1.45,True,76d1cfd98ac65278c35775f3d949ee6b1ac894949412fe8a27858b0671e9c47e,https://www.federalreserve.gov/econres/feds/files/2026053pap.pdf,2026-09-23
fed_feds_wp_2026-055.pdf,fed_feds_wp_2026-055,working_paper,Inflation Uncertainty and Endogenous Planning Horizons (FEDS 2026-055),2026-08,47,0.95,True,9677850391a060d25e3181d350771f3df234e57a38d665f689cce266585e9399,https://www.federalreserve.gov/econres/feds/files/2026055pap.pdf,2026-09-23
fed_feds_wp_2026-057.pdf,fed_feds_wp_2026-057,working_paper,Government bond-backed repo markets: between resilience and vulnerability (FEDS 2026-057),2026-08,49,0.43,True,c5d54e2cec5580d7227d89e3c6e4e2589252148e5998ebffcad01373479dd72e,https://www.federalreserve.gov/econres/feds/files/2026057pap.pdf,2026-09-23
fed_feds_wp_2026-061.pdf,fed_feds_wp_2026-061,working_paper,Risks and Uncertainty in Monetary Policy (FEDS 2026-061),2026-09,52,2.13,True,444ee3887a49cf6a991155fb93a8fb81d209cf593e7062b20617f515e17d3798,https://www.federalreserve.gov/econres/feds/files/2026061pap.pdf,2026-09-23
fed_feds_wp_2026-065.pdf,fed_feds_wp_2026-065,working_paper,Beyond Financial Conditions: Measuring Structural Vulnerabilities in the U.S. Financial System (FEDS 2026-065),2026-09,39,10.51,True,d61005eed1ba4206fcfb4c6ba347ec9e8e8c9c41724fdfdeb0ae7d9204ec78c0,https://www.federalreserve.gov/econres/feds/files/2026065pap.pdf,2026-09-23
